rank,smiles,score,druglikeness,synthetic_accessibility,lipinski_violations,toxicity,binding_affinity,solubility
1,Cc1ccccc1CNC(=O)N1CCN(C(=O)Nc2ccc(Cl)cc2)CC1,3.661133544962887,0.8441085009101335,2.4,0,0.2412964877315008,0.3980673379955559,-6.002538200000003
2,Cc1ccc(C(C)C)c(OCC(=O)NC(=O)NC[C@H]2CCCO2)c1,3.527133758726393,0.8378942713869093,2.8,0,0.20717574106445893,0.3038143371406701,-4.573651800000001
3,Cc1cc(C(=O)N2CCC[C@H](c3nnc4n3CCCC4)C2)nn1C,3.4618544850936668,0.8408859612052959,2.6,0,0.24031115924851215,0.27610250683395393,-5.2321596
4,CCOC(=O)N1CCC(C[NH+](CC)C(C)C)CC1,3.3359850628300287,0.801981656506045,2.0,0,0.17362078727455205,0.11426899745458066,-2.9117706000000005
5,COC(=O)c1ccc(OC(=O)Cc2nc3ccccc3[nH]2)cc1,3.1512821024723694,0.5912480370536943,2.7,0,0.27448599347747216,0.2661669122920766,-4.5674038
