rank,smiles,score,druglikeness,synthetic_accessibility,lipinski_violations,toxicity,binding_affinity,solubility
1,CCC1CCC(NC(=O)N2CCC(c3nnc(C)n3-c3ccc(F)cc3)CC2)CC1,3.537277890687828,0.7984369596011562,3.2,0,0.2393818914845588,0.3878491176398178,-7.518704800000004
2,C[C@H](NC(=O)CN(C)C(=O)c1ccccc1)c1cccc(OC(F)F)c1,3.4790034258391636,0.82266501396348,3.1,0,0.24034825269805365,0.3252851444922958,-4.814293200000002
3,COC(=O)Cc1ccccc1NC(=O)c1ccccc1C(=O)NCc1ccco1,3.3659960826175217,0.602070028888247,3.6,0,0.2745817956938843,0.4524347695277668,-5.372710200000002
4,CC(C)(CNC(=O)N(Cc1ccccc1)C1CC1)c1nc2ccccc2[nH]1,3.2503594463043046,0.6897675907435652,3.8,0,0.27287444637774216,0.3275418601066454,-6.712618400000002
5,CC[NH+](CC)CCNC(=O)N(C)CCOC,3.208247451713528,0.5753771356544818,2.4,0,0.17464079962248555,0.09687477984218477,-0.7758646000000018
