rank,smiles,score,druglikeness,synthetic_accessibility,lipinski_violations,toxicity,binding_affinity,solubility
1,CCCC(=O)Nc1ccc(C(=O)Nc2ccccc2N2CCCCC2)cc1,3.4300622495301596,0.7820208402763963,3.3,0,0.24044679702915817,0.3331025245510752,-6.474671400000003
2,CC(C)CCOc1cccc(C(=O)N2CCC[C@H]([NH+](C)C)C2)c1,3.3985697652508606,0.8683062580161428,2.8,0,0.20677976322073824,0.19492854216615746,-4.0768857999999994
3,C[C@](O)(CNC(=O)CCc1cccc(F)c1)c1ccccc1,3.3489338558879913,0.8617271632036235,2.8,0,0.24029807033058032,0.1934969389605288,-4.149224200000001
4,Cc1ccc(N[C@@H]2CCCCC[C@@H]2C(N)=O)cc1,3.306893895430689,0.8057100793450289,1.9,0,0.20825574489262982,0.1297199003734345,-4.2413004
5,C[C@@H]1C[C@H](C)C[NH+](Cc2ccc(N)c(N)c2)C1,3.191037373585963,0.6663144625869732,1.6,0,0.207644861217947,0.11473174101393287,-2.9515094000000004
