rank,smiles,score,druglikeness,synthetic_accessibility,lipinski_violations,toxicity,binding_affinity,solubility
1,CC(C)(C)C(=O)N1CCN(S(=O)(=O)c2ccc(NC(=O)c3cccs3)cc2)CC1,3.5974822573365874,0.8000571003271518,2.7,0,0.2388238,0.39885889091096893,-5.848562200000002
2,Cc1ccc(NC(=O)CN2CCC(C(=O)Nc3ccccc3Cl)CC2)c(F)c1,3.5758099093634184,0.790408785882132,3.0,0,0.24009171,0.4083031772547956,-6.3404206000000025
3,CCOCCN(C)C(=O)CNc1cccc(Cl)c1C#N,3.35736502057673,0.7826258399550917,2.6,0,0.20707285,0.2072913599005186,-3.3524164
4,CC[C@@H](C)NC(=O)C(=O)NCC1(OC)CCCC1,3.312230427786698,0.7204417085122911,2.0,0,0.17452641,0.15088073028314955,-2.7845401999999995
5,CCOc1ccccc1NC(=O)[C@H](C)n1c([C@H]2CC(=O)Nc3ncnn3C2)nc2ccccc21,2.92290685581842,0.4568305476735396,4.3,0,0.27208754,0.2907500582123152,-7.180848000000002
