rank,smiles,score,druglikeness,synthetic_accessibility,lipinski_violations,toxicity,binding_affinity,solubility
1,C[C@H](c1ccccc1Cl)N(C)C(=O)NCC(C)(C)C(N)=O,3.569358265150104,0.8765356493982303,2.0,0,0.20568727911915763,0.25702443481582243,-3.7261976000000008
2,CCOc1ccc(NC(=O)CN2C(=O)NC3(CCCCC3)C2=O)cc1,3.463719801766728,0.8015840783376789,4.0,0,0.20815365626543264,0.3525064299547499,-5.240928800000001
3,Cc1ccc(N[C@@H](C)C(=O)Nc2cccc(-c3nnnn3C)c2)cc1,3.3766250762602907,0.7480297628918297,3.0,0,0.2730197442063648,0.3271249154829218,-4.677184400000001
4,C[C@H]1C[C@H](C)CN(C(=O)c2cc3ccccc3n2C)C1,3.238415105067787,0.780265310468769,1.8,0,0.23927645112937374,0.12403438633974552,-5.219063200000001
5,CC[NH+]1CCN(CCCNC(=O)Nc2cc(Cl)ccc2[N+](=O)[O-])CC1,3.0419934681661744,0.37881348644826085,3.1,0,0.34029307017730925,0.40461168939281345,-3.8408642000000017
