rank,smiles,score,druglikeness,synthetic_accessibility,lipinski_violations,toxicity,binding_affinity,solubility
1,CC(C)(C)OC(=O)NCCC(=O)N1CCCC[C@@H]1c1nnc2n1CCCC2,3.7627268333213144,0.871013683936248,2.7,0,0.20612934,0.4353750160494804,-5.6975958
2,COc1ccccc1NC(=O)N1CCC(C(=O)N2CCC[C@@H]2C(=O)N2CCCCC2)CC1,3.5314031846830374,0.7773533113676996,3.2,0,0.20672898,0.37171930971020445,-7.001710000000003
3,CC(C)NS(=O)(=O)c1ccc(C(=O)N2CCCC2)cc1,3.5218490084061886,0.9176546327718156,2.2,0,0.20808879,0.21096906776028382,-3.7754893999999997
4,Cc1ccc(C(=O)NCC2CCN(c3cccc[nH+]3)CC2)c(C)c1,3.482345224305231,0.9398538832171787,2.7,0,0.24045959,0.22873970957141485,-5.020859800000001
5,CC(=O)NCC/C([O-])=N/c1ncnc2c1cnn2-c1ccccc1,3.097389464841702,0.5499093799605098,3.0,0,0.27297738,0.26537816697517896,-3.5358432000000004
