rank,smiles,score,druglikeness,synthetic_accessibility,lipinski_violations,toxicity,binding_affinity,solubility
1,Cc1ccc(CNC(=O)CN2CCN(C(=O)c3ccc(C(C)(C)C)cc3)CC2)cc1,3.5732534952274606,0.8268715867624333,3.0,0,0.24009064839105299,0.38191819093721513,-5.915893200000002
2,Cc1ccsc1CNC(=O)c1ccc(N2CCCC2=O)cc1,3.465824576020607,0.9424335242230868,2.7,0,0.24087143016020934,0.21685882739109077,-5.244733600000002
3,CCCC(=O)N1CCN(C(=O)CCCc2ccc(C)cc2)CC1,3.348106688858286,0.8095231714206006,2.8,0,0.20719086180788696,0.20365946375716942,-4.6427896
4,C[C@@H]1C[C@@H]1NC(=O)NCc1ccc(Cl)cc1,3.303664076735464,0.8350337656400645,1.9,0,0.2083506164490905,0.10663647125819074,-4.009039600000001
5,C#CC[C@@H]([NH2+]CC)C(C)(C)CC,3.1174378431228966,0.5975859795900704,1.5,0,0.17674031241590998,0.042782397533241166,-1.7640987999999993
