{
  "generation_quality": {
    "total_generated": 300,
    "valid_molecules": 300,
    "unique_molecules": 299,
    "validity_rate": 1.0,
    "uniqueness_rate": 0.9966666666666667,
    "avg_mol_weight": 660.3728700000001,
    "avg_logp": 3.922616100000003,
    "failed_proteins": 0,
    "per_protein_results": [
      {
        "protein_length": 142,
        "generated": 100,
        "valid": 100,
        "unique": 99,
        "validity_rate": 1.0,
        "uniqueness_rate": 0.99,
        "avg_mol_weight": 656.0838000000003,
        "avg_logp": 4.278734300000005
      },
      {
        "protein_length": 245,
        "generated": 100,
        "valid": 100,
        "unique": 100,
        "validity_rate": 1.0,
        "uniqueness_rate": 1.0,
        "avg_mol_weight": 644.46995,
        "avg_logp": 2.940647000000005
      },
      {
        "protein_length": 56,
        "generated": 100,
        "valid": 100,
        "unique": 100,
        "validity_rate": 1.0,
        "uniqueness_rate": 1.0,
        "avg_mol_weight": 680.5648600000005,
        "avg_logp": 4.548467000000005
      }
    ]
  },
  "drug_likeness": {
    "qed_scores": [
      0.3532657148103271,
      0.5075029587684995,
      0.4535514023132786,
      0.12193800600847902,
      0.10616017072111247,
      0.2997163155350103,
      0.2018547854765845,
      0.08771299099995383,
      0.10219541116646759,
      0.3418542230740164,
      0.17863263158300213,
      0.30713072214552606,
      0.1994146303428644,
      0.3587953560841577,
      0.25186584410103213,
      0.08874463940631175,
      0.12522705265576847,
      0.13379406725356366,
      0.40323057879749913,
      0.15336825430661705,
      0.21100798188844339,
      0.18314003231348633,
      0.15676648904264534,
      0.15394420315061558,
      0.15328931071185467,
      0.3555451151634255,
      0.17188707695428504,
      0.21928601415547158,
      0.09290444595712358,
      0.4255254548839462,
      0.12167461962359517,
      0.05171494098183264,
      0.31634054083132795,
      0.07948774711301465,
      0.33490613255334367,
      0.1373970399448254,
      0.3927341468565213,
      0.21685541442471723,
      0.25593256186622393,
      0.3423891434297122,
      0.39013450587869,
      0.23479018414701805,
      0.12340069179976856,
      0.1364700415009292,
      0.29937638853263615,
      0.15810841514126972,
      0.2677954107189886,
      0.23496306340385192,
      0.3162021675755798
    ],
    "lipinski_pass": 20,
    "avg_qed": 0.23081479665500437,
    "lipinski_pass_rate": 0.40816326530612246,
    "sa_scores": [],
    "avg_sa": 0,
    "mw_distribution": {
      "<250": 0.0,
      "250-350": 0.0,
      "350-500": 2.0408163265306123,
      ">500": 97.95918367346938
    },
    "logp_distribution": {
      "<1": 6.122448979591836,
      "1-3": 24.489795918367346,
      "3-5": 20.408163265306122,
      ">5": 48.97959183673469
    }
  }
}